MNO,Code,Latitude,Longitude
Telefonica,2803505,40.434294,-3.677747
Telefonica,2100080,37.304389,-6.609683
Orange,CANR5342A,28.539308,-13.873728
Telefonica,3700197,40.961061,-5.660778
Telefonica,4300694,40.719917,0.730028
Telefonica,2803530,40.350978,-3.825769
Telefonica,1900590,40.709931,-3.128792
Telefonica,1500241,43.142222,-9.125889
Vodafone,75348,41.479194,2.318889
Telefonica,0806662,41.535333,2.129222
Telefonica,1000547,40.239556,-6.228583
Telefonica,0800346,41.269628,1.975689
Orange,CATR9571A,41.867367,1.111756
Telefonica,4500968,40.224081,-4.19315
Telefonica,2808819,40.500486,-3.663017
Telefonica,1600044,39.964033,-2.925425
Telefonica,0800351,41.382297,2.112922
Telefonica,2000049,43.251875,-2.391994
Telefonica,4100190,36.976747,-5.217222
Telefonica,2903083,37.019125,-4.557975
Telefonica,3100479,42.803314,-1.017361
Telefonica,3800731,28.647139,-17.764306
Telefonica,3200321,42.400247,-6.975458
Telefonica,2800690,40.369039,-3.938953
Telefonica,3301525,43.476175,-6.469311
Telefonica,0300480,38.794861,-0.500914
Vodafone,28741,37.339189,-2.040561
Vodafone,076695,36.688967,-4.483742
Telefonica,0800352,41.400047,2.121303
Orange,CANR5773A,28.372967,-16.836097
Vodafone,192840,38.186164,-4.518667
Vodafone,205578,42.201333,0.873283
Telefonica,0805125,41.386972,2.174192
Telefonica,0806792,41.414047,2.188969
Telefonica,3600365,42.239178,-8.692356
Telefonica,2802255,40.423378,-3.669039
Telefonica,2802298,40.408333,-3.796236
Telefonica,2802741,40.146972,-3.205861
Vodafone,49555,38.84965,-0.380928
Telefonica,4700056,41.557942,-4.870789
Telefonica,1200667,39.964894,-0.265389
Telefonica,3200031,42.432619,-8.080719
Vodafone,82608,41.315931,-4.725783
Telefonica,2803310,40.415997,-3.786111
Orange,GALR4020K,42.244194,-8.704053
Telefonica,3700162,41.120194,-6.663694
Telefonica,3000510,37.474158,-1.709364
Orange,CATR6144A1,41.3574,2.069978
Telefonica,1200954,40.067542,-0.274858
Telefonica,2300214,37.842075,-3.463819
Telefonica,3000282,38.102714,-1.861825
Telefonica,1800041,36.711325,-3.410797
Telefonica,1800511,37.124053,-3.712822
Vodafone,00880,40.161881,0.162967
Telefonica,2000269,43.178781,-2.233944
Telefonica,1700151,41.925467,3.210044
Telefonica,3800371,28.48655,-16.314819
Telefonica,3503093,28.052519,-14.327575
Telefonica,3600725,42.669694,-8.250778
Telefonica,2400612,42.156056,-5.927917
Telefonica,1400385,38.411436,-5.046347
Telefonica,1000146,39.316631,-7.218611
Telefonica,1800584,36.957619,-3.134872
Telefonica,4300356,41.118639,1.244583
Orange,BALR0058F,39.557428,2.611919
Telefonica,3000278,37.699439,-0.977392
Vodafone,186835,41.081425,-1.041708
Telefonica,4800316,43.153728,-2.641028
Telefonica,2805208,40.514031,-3.664053
Orange,MADR6254A,40.419217,-3.803839
Vodafone,54899,41.363867,2.1494
Telefonica,2801605,40.426669,-3.664061
Orange,CYLR8710B,40.409086,-4.790497
Telefonica,0801143,41.296283,2.017786
Telefonica,5001052,42.130542,-1.188336
Telefonica,3500918,28.123019,-15.424958
Vodafone,81945,28.13615,-15.430281
Telefonica,5000261,41.697756,-0.996453
Vodafone,027681,39.512447,2.750642
Telefonica,3500362,28.103528,-15.41475
Telefonica,0806789,41.220936,1.737036
Vodafone,094451,41.491372,2.050394
Telefonica,4900107,41.393014,-6.191978
Telefonica,3900267,43.109644,-4.728514
Telefonica,2400608,42.125972,-5.723944
Telefonica,0500067,40.891928,-4.577822
Telefonica,2600031,42.360358,-2.472053
Orange,MADR8173J,40.4502,-3.759183
Vodafone,73130,39.474917,-0.371267
Telefonica,4601224,39.463322,-0.356439
Telefonica,4600596,39.43415,-0.477794
Orange,ANDR7203D,37.387136,-4.763917
Vodafone,70024,40.215653,-3.750006
Telefonica,2805590,40.224158,-3.755933
Telefonica,4800583,43.259622,-2.932886
Telefonica,3400053,42.107425,-4.635336
Telefonica,2401288,42.288583,-5.915583
Telefonica,1101904,36.12,-5.422383
Vodafone,026587,41.381786,2.155689
Orange,VALR1085V,39.438275,-0.427822
Telefonica,3900055,43.30825,-3.934528
Telefonica,2804549,40.418719,-3.802825
Vodafone,70326,36.75425,-4.612756
Telefonica,4800765,43.355081,-3.007714
Telefonica,0700729,39.998653,3.799467
Telefonica,0400368,37.226547,-1.800142
Orange,CYLR0109V,42.53725,-6.601806
Telefonica,1600037,39.391992,-2.041361
Telefonica,3001873,37.580647,-1.242178
Vodafone,208698,40.946281,-5.493989
Telefonica,2500206,41.712639,1.017889
Orange,PVAR5405A,43.304361,-1.998694
Telefonica,4800260,43.274622,-2.947172
Telefonica,4601103,39.484131,-0.397008
Telefonica,2600133,42.422642,-2.745683
Orange,MADR6840A,40.418917,-3.670358
Masmovil,1B5CC6269,39.479878,-6.359253
Telefonica,5000110,42.373811,-1.282158
Telefonica,1800613,37.21125,-3.681694
Telefonica,1200484,40.041267,-0.070844
Telefonica,1200538,39.789861,-0.174094
Telefonica,0802222,41.336392,2.003403
Vodafone,20977,38.388825,-0.494139
Telefonica,4300372,41.157506,1.116664
Telefonica,4400137,40.800086,-0.317794
Telefonica,0700826,39.572217,3.187078
Telefonica,0700125,39.666633,3.330869
Telefonica,0800595,41.513761,2.128525
Telefonica,4300907,40.79375,0.522486
Telefonica,3801661,28.380719,-16.689533
Telefonica,4600322,39.083333,-0.220694
Telefonica,2100513,37.227406,-6.895217
Telefonica,2000983,43.251642,-2.023944
Telefonica,4400291,40.562414,-1.471814
Telefonica,4100202,37.390069,-5.989008
Telefonica,0800119,41.384644,2.073417
Telefonica,0600493,38.923806,-6.311167
Telefonica,0300959,38.301439,-0.931883
Vodafone,203623,42.208075,-7.706558
Telefonica,2802169,40.440864,-3.680228
Telefonica,2900385,36.490853,-4.953758
Telefonica,2800632,40.546633,-3.658133
Orange,VALR5360A,39.456975,-0.347058
Telefonica,0302613,38.631922,-0.570719
Orange,ANDR0197A,37.339833,-5.834361
Telefonica,1100599,36.578425,-6.220744
Telefonica,1600258,40.001653,-2.982269
Telefonica,2811625,40.350114,-3.688206
Orange,MADR6377A712,40.438322,-3.698806
Telefonica,0801752,41.615544,2.664667
Telefonica,4400227,41.083958,-1.046897
Telefonica,2805120,40.405889,-3.426942
Telefonica,3700163,40.804356,-5.220922
Vodafone,70332,36.708,-4.43965
Telefonica,4300272,41.223611,1.622081
Telefonica,0802229,41.395703,2.106428
Telefonica,4600145,38.749414,-0.555539
Telefonica,3501172,28.149614,-15.424586
Telefonica,4500921,39.952553,-4.496139
Vodafone,66841,37.948908,-1.191189
Telefonica,0400318,37.151706,-2.081419
Telefonica,1800129,37.717742,-2.642217
Telefonica,2800653,40.823172,-3.793867
Telefonica,3000822,37.701336,-1.104897
Telefonica,3700243,41.037511,-5.788886
Orange,CTBR0180A,43.464686,-3.798406
Telefonica,2800275,40.346392,-3.852747
Telefonica,1401155,37.590833,-4.628889
Vodafone,186915,40.341372,-3.692803
Telefonica,2803478,40.249117,-3.697664
Telefonica,5000193,41.815064,-1.524247
Telefonica,3601810,42.417922,-8.646364
Telefonica,5100031,35.884464,-5.3292
Vodafone,197858,42.194397,2.488553
Telefonica,3300134,43.533108,-5.661428
Vodafone,51970,39.472386,-0.358067
Telefonica,0300045,38.847906,-0.047411
Telefonica,4100420,37.399,-5.999528
Vodafone,18323,39.579597,2.351083
Telefonica,3300099,43.315206,-5.721769
Telefonica,4700163,41.598978,-4.718133
Vodafone,01057,39.492931,2.883394
Telefonica,1500710,43.375333,-8.40275
Telefonica,4300836,41.068236,1.057192
Telefonica,3900110,43.372653,-3.860972
Telefonica,3200064,42.306336,-7.887131
Telefonica,1800598,37.629333,-2.788558
Telefonica,1101190,36.450911,-6.130217
Telefonica,0804939,41.543942,2.093703
Telefonica,3100158,42.382142,-1.944769
Orange,BALR0426C,39.878083,4.290928
Telefonica,2809898,40.438461,-3.704319
Telefonica,0100058,43.129606,-3.156003
Telefonica,0803417,41.400533,2.178708
Telefonica,2400981,42.822139,-6.137889
Orange,CANR0123B,27.840331,-15.445281
Telefonica,0804679,41.394603,2.163053
Telefonica,2200165,42.771528,-0.330611
Telefonica,2803087,40.4396,-3.697331
Telefonica,3900623,43.151822,-4.621242
Telefonica,2803389,40.432197,-3.804025
Vodafone,000596,41.398481,2.121247
Telefonica,3700010,41.009778,-6.434139
Orange,CATR3242A,41.323033,2.134858
Telefonica,2600456,42.614511,-3.037544
Telefonica,0804515,41.563389,2.448853
Vodafone,73481,39.627153,2.619981
Telefonica,0700350,39.590794,2.62555
Orange,ARAR0097A,41.641983,-0.897717
Telefonica,3900717,43.297689,-4.044789
Orange,GALR0458C,42.948361,-8.451333
Telefonica,4300537,41.003325,0.932872
Telefonica,2901278,36.877436,-4.250261
Telefonica,4603378,38.834656,-0.530686
Telefonica,0900506,42.480611,-4.106944
Telefonica,3700460,41.172067,-5.790314
Telefonica,1900433,40.6083,-3.212722
Telefonica,0400840,37.351556,-1.682333
Telefonica,0300680,38.637064,0.071639
Telefonica,1900689,40.595444,-3.109178
Telefonica,4600262,38.899406,-0.418589
Orange,ANDR0367A,37.404736,-5.974356
Telefonica,3300472,43.249714,-5.773142
Orange,ANDR6710A,37.763156,-4.824425
Telefonica,1700832,42.370189,1.887586
Vodafone,112393,43.265564,-2.995511
Telefonica,0803114,41.796683,1.732636
Telefonica,4500967,40.093567,-4.793808
Telefonica,3302333,43.461111,-5.788947
Telefonica,4800495,43.260803,-2.940008
Telefonica,0200431,38.687561,-2.373425
Telefonica,1000538,39.476872,-6.371522
Orange,CATR8220A,41.264039,1.539025
Telefonica,2800385,40.433053,-3.709364
Telefonica,3502180,28.707128,-13.873014
Telefonica,2300119,37.796069,-3.610014
Telefonica,5000227,41.643006,-0.868167
Telefonica,3300153,43.349878,-5.216736
Telefonica,0801255,41.401536,2.166211
Telefonica,2803566,40.413239,-3.750067
Telefonica,2400220,42.914639,-5.058389
Telefonica,4600655,39.474792,-0.385994
Orange,CATR6135C2,41.425317,2.142136
Telefonica,4602765,39.420642,-0.375808
Telefonica,2800893,40.425267,-3.448436
Telefonica,3500672,28.494439,-13.863531
Telefonica,3601934,42.094133,-8.648458
Telefonica,0302145,38.570108,-0.140372
Telefonica,3500163,28.367717,-13.961589
Telefonica,1700453,41.820767,2.718614
Orange,ASTR0050J,43.520833,-5.639889
Telefonica,0300486,38.169264,-0.839247
Telefonica,3000588,37.774525,-1.500947
Telefonica,0400393,37.236361,-2.035972
Orange,ANDR0194A,37.33675,-5.843167
Telefonica,4601457,38.955594,-0.588739
Vodafone,1126,39.423314,2.754922
Telefonica,4400089,40.148192,-1.038708
Orange,MADR6450A,40.419914,-3.800908
Telefonica,0100055,43.07855,-3.047544
Telefonica,1801451,37.173122,-3.599711
Telefonica,4400018,40.991489,-1.030467
Telefonica,3500395,28.098694,-15.420194
Vodafone,01899,36.717686,-4.241958
Telefonica,2800647,40.525408,-3.660817
Telefonica,2805232,40.297636,-3.818058
Telefonica,2500365,41.610575,1.143111
Telefonica,2300065,38.306594,-2.914433
Vodafone,06536,41.582819,2.544147
Telefonica,0302389,38.396706,-0.522358
Telefonica,2804683,40.634419,-4.010156
Telefonica,4900247,41.449728,-6.065167
Orange,ANDR6190A,36.90175,-3.423722
Vodafone,69081,40.425578,-3.684681
Telefonica,2900948,36.495939,-4.697814
Telefonica,1500397,42.873528,-8.548667
Telefonica,0701118,39.520072,2.827564
Telefonica,4200162,41.660608,-3.158886
Telefonica,5000782,41.941931,-0.756647
Vodafone,203093,40.409969,-3.693589
Telefonica,4500727,39.582917,-3.875667
Telefonica,3500344,28.124414,-15.431694
Telefonica,4100482,37.069864,-5.916364
Telefonica,2100472,37.046458,-6.566411
Vodafone,205842,42.473894,-8.924531
Telefonica,0804651,41.547156,2.041339
Telefonica,4500097,39.44875,-5.023667
Telefonica,4101594,37.519578,-5.84135
Telefonica,1101181,36.158567,-5.465397
Telefonica,3001171,38.024833,-1.090992
Telefonica,4300519,41.075833,1.139278
Telefonica,2200439,42.139278,-0.415308
Telefonica,4601423,38.969392,-0.179153
Telefonica,2700070,43.690028,-7.546972
Telefonica,4100186,37.256028,-4.913722
Telefonica,1300088,39.207167,-4.411192
Telefonica,1200216,40.247717,-0.290531
Telefonica,3900548,42.946811,-4.1023
Telefonica,4600494,39.424503,-0.376539
Telefonica,4800230,43.260522,-2.938742
Telefonica,1900327,40.76965,-2.029842
Telefonica,3700431,40.519708,-5.495717
Telefonica,3500229,28.138031,-15.435131
Telefonica,4000025,41.028886,-4.182722
Telefonica,0701716,39.497633,2.878078
Telefonica,4300577,41.159642,1.122953
Telefonica,0600488,38.239056,-6.018556
Orange,PVAR0351A,43.290975,-2.963064
Telefonica,2805162,40.875767,-3.599083
Vodafone,68165,37.405464,-1.600906
Telefonica,1400111,38.312522,-5.284975
Telefonica,4800382,43.331214,-3.127333
Vodafone,01606,37.012142,-4.565833
Orange,ANDR0051B,37.424211,-5.984681
Vodafone,79799,36.468958,-6.167944
Telefonica,0900713,42.249917,-4.20175
Telefonica,2300206,37.660694,-4.068611
Telefonica,5000126,41.229722,-0.0303
Telefonica,1500384,43.379333,-8.400889
Vodafone,120424,38.336819,-0.507328
Telefonica,2806335,40.457239,-3.618922
Telefonica,4000124,40.90705,-4.105422
Telefonica,2805917,40.436417,-3.706839
Masmovil,1B4CS5759,39.98045,-0.037897
Telefonica,3900322,43.334294,-3.477892
Orange,GALR0226F,42.837556,-8.598167
Telefonica,2700125,42.612639,-7.73725
Telefonica,0700321,39.553678,2.627019
Orange,CATR0392Z,41.400286,2.202539
Telefonica,1700600,42.227808,2.861633
Telefonica,5000722,42.122392,-0.805514
Telefonica,3600129,42.586906,-8.5904
Telefonica,3700039,40.60095,-6.818483
Vodafone,106724,38.848061,-0.146719
Telefonica,1000131,39.467611,-6.373806
Telefonica,3001064,37.408614,-1.588531
Telefonica,3501237,28.120906,-15.455953
Telefonica,3800194,28.638778,-17.759333
Telefonica,1200829,40.048286,0.06825
Telefonica,0500051,40.930228,-4.946639
Orange,VALR8714A,38.367081,-0.469069
Telefonica,3400065,41.998994,-4.506961
Orange,CANR0112A,28.058114,-15.439836
Telefonica,2800692,40.686025,-4.117592
Vodafone,31,41.883606,2.477281
Telefonica,3200065,42.287656,-7.845903
Vodafone,82268,42.984892,-7.588944
Telefonica,3800021,28.082744,-17.136519
Telefonica,1501364,43.316389,-8.506111
Telefonica,1000606,40.043919,-6.068781
Telefonica,1600376,39.59615,-2.539514
Telefonica,3900190,43.303356,-3.582842
Telefonica,0805552,41.621683,2.690219
Telefonica,0801826,41.388025,2.172211
Telefonica,5001423,41.61575,-1.062508
Vodafone,62732,39.447206,-0.380861
Telefonica,0800178,41.759019,2.394753
Telefonica,3500123,28.007922,-15.527833
Telefonica,3800804,28.418111,-16.548944
Telefonica,3200142,42.240117,-7.826486
Vodafone,00176,40.469806,-3.647903
Telefonica,0803593,41.5552,2.08965
Telefonica,2200093,42.601333,0.542944
Vodafone,74216,39.477883,-0.444858
Telefonica,3200127,42.520564,-8.267269
Telefonica,2700450,42.985772,-7.589303
Telefonica,2200044,42.420194,0.090333
Telefonica,3900276,43.119169,-3.819944
Telefonica,0900639,42.35675,-3.649611
Telefonica,2000833,43.319186,-1.975358
Orange,PVAR5805A,42.936231,-2.238056
Telefonica,1801448,37.347853,-3.333142
Telefonica,2800033,40.473031,-3.870328
Telefonica,0200414,38.551347,-2.121336
Telefonica,0700007,39.536153,2.71875
Orange,MADR4011A,40.448628,-3.800186
Telefonica,4400187,40.950961,-0.708189
Telefonica,0800011,41.640322,2.647067
Telefonica,1400176,37.878208,-4.783639
Vodafone,205481,41.354586,2.103667
Telefonica,0700468,39.646478,2.677289
Telefonica,4601775,39.550381,-0.305314
Telefonica,3800305,28.71125,-17.953389
Telefonica,2901580,36.727428,-4.410892
Telefonica,2800508,40.931625,-3.622742
Telefonica,1000091,40.229297,-6.880906
Telefonica,0400035,36.826747,-2.529667
Telefonica,1000081,40.154075,-6.685553
Telefonica,0801789,41.398244,2.141303
Telefonica,2803692,40.306108,-3.731803
Telefonica,3100269,42.82015,-1.572086
Vodafone,29043,43.435517,-3.835311
Telefonica,4700004,41.730228,-5.20365
Telefonica,2500554,42.000472,0.767806
Orange,PVAR9121A,42.961758,-2.893464
Orange,NAVR6004A,42.806997,-1.673294
Telefonica,0700131,39.003172,1.580228
Telefonica,4101759,37.614033,-5.828675
Orange,BALR0200F,39.581292,2.651847
Orange,VALR0036A,39.484869,-0.38265
Telefonica,2802000,40.880222,-3.592233
Telefonica,4300120,40.977589,0.516694
Orange,MURR0161W,37.981336,-1.118314
Telefonica,2800987,40.422242,-3.688564
Vodafone,76244,41.409928,2.116011
Telefonica,2400251,42.342583,-5.159639
Telefonica,0400283,37.023064,-3.005681
Orange,CTBR9003A,43.468783,-3.765658
Telefonica,0800656,41.474758,2.025453
Telefonica,2901213,36.741006,-4.557036
Telefonica,4603525,39.618558,-0.571811
Orange,CLMR9392A,40.622003,-3.165697
Telefonica,2500426,41.613583,0.625278
Telefonica,1700437,41.975278,2.798172
Vodafone,017784,40.387611,-5.764389
Telefonica,1600346,40.212353,-1.924689
Telefonica,3100316,42.811981,-1.634019
Telefonica,0700009,39.455606,3.185517
Telefonica,0801361,41.393719,2.173464
Orange,GALR8063A,42.662403,-7.768475
Telefonica,4500462,40.237867,-4.194625
Vodafone,81653,40.266575,-3.841597
Telefonica,4101302,37.387622,-5.997172
Telefonica,4400026,41.109128,-0.487614
Telefonica,2200402,42.207722,-0.280861
Telefonica,3500009,27.960503,-15.560842
Telefonica,2800125,40.261028,-4.467239
Telefonica,4300220,41.111589,1.249689
Telefonica,1800202,37.129528,-3.536417
Telefonica,1400565,37.744867,-4.755622
Telefonica,2600145,42.206722,-2.241136
Telefonica,4900062,41.575703,-6.054164
Telefonica,1300066,39.163806,-2.918111
Telefonica,2600236,42.319833,-2.812642
Telefonica,4300747,41.145383,1.123056
Vodafone,92739,39.566989,2.650656
Masmovil,1B4IB0661,39.57065,3.374892
Orange,ANDR6737A,38.107447,-4.496503
Telefonica,2804854,40.481444,-3.400069
Telefonica,4603803,39.643156,-0.247392
Telefonica,1900047,40.860547,-2.726308
Orange,RIOR0008N,42.462267,-2.438556
Vodafone,28224,36.663994,-5.111311
Telefonica,4301268,41.233439,1.529553
Telefonica,0803398,41.548239,2.207931
Telefonica,2901118,36.724564,-4.420978
Telefonica,3500570,28.110167,-15.417639
Telefonica,2900803,36.518561,-4.980439
Telefonica,0302315,38.222383,-0.519606
Telefonica,3800773,28.469433,-16.265281
Vodafone,24257,36.486256,-4.95555
Telefonica,4300421,41.501575,1.340683
Telefonica,0600238,38.916667,-6.347944
Telefonica,3301299,43.478481,-6.728992
Orange,VALR0179F,39.505775,-0.366886
Telefonica,3600686,42.303583,-8.768833
Vodafone,103973,40.3416,-1.595656
Orange,MADR0960A,40.395422,-3.684275
Telefonica,0301183,38.637333,-0.866125
Telefonica,2802066,40.312208,-4.494006
Telefonica,4800987,43.368425,-2.991311
Vodafone,82948,39.466194,-0.343914
Telefonica,4500288,39.999639,-4.27075
Telefonica,0400051,36.747861,-3.08525
Telefonica,2805091,40.390631,-3.669794
Telefonica,2900328,36.431911,-5.149017
Telefonica,3100318,42.499242,-1.215147
Telefonica,2500312,42.784656,0.690981
Orange,ASTR9022A,43.557028,-5.925317
Orange,GALR1041R,43.627181,-8.137808
Telefonica,1500467,43.271167,-8.540444
Telefonica,3200837,41.912222,-7.242928
Vodafone,106577,41.029278,-2.279986
Telefonica,1700285,42.187511,2.304344
Telefonica,3801122,28.465036,-16.246161
Masmovil,1B1M0239,40.512844,-3.68025
Telefonica,3500080,28.276661,-13.985167
Vodafone,102069,41.708194,1.423419
Telefonica,4101024,37.386722,-5.954361
Telefonica,3500215,28.058114,-15.603244
Telefonica,2000192,43.058367,-2.178692
Telefonica,2700547,43.574278,-7.248389
Telefonica,4100681,37.356639,-5.982639
Telefonica,1700415,41.849083,3.111808
Telefonica,0800359,41.4428,1.844017
Telefonica,4400194,40.709422,-1.265136
Telefonica,2803477,40.211844,-3.579744
Vodafone,202908,41.785267,3.040853
Telefonica,1700391,42.346586,1.958314
Telefonica,3500200,28.106558,-15.415189
Telefonica,2000664,43.318081,-1.968278
Telefonica,1100059,36.72325,-6.286122
Telefonica,2803325,40.524956,-3.650958
Telefonica,1600395,39.638894,-2.519292
Telefonica,4800636,43.291233,-2.961414
Telefonica,2802543,41.007217,-3.611881
Telefonica,2400441,42.536306,-6.612361
Telefonica,2804369,40.134639,-3.650358
Telefonica,0801075,41.389289,2.183517
Telefonica,4200180,41.903264,-1.944456
Telefonica,2100437,37.292417,-6.897306
Orange,ASTR1280A,43.561722,-6.147211
Vodafone,001042,39.56755,2.657858
Telefonica,4600465,39.505156,-0.427275
Orange,EXTR0147E,38.867967,-6.953842
Telefonica,1800176,37.220131,-3.691594
Telefonica,3801271,28.489389,-16.329419
Telefonica,2000065,42.977806,-2.570525
Telefonica,3000195,37.556428,-1.376069
Orange,ANDR2524A,36.703361,-4.440861
Telefonica,1000787,39.851683,-5.631261
Orange,CATR8721P,42.259319,3.103233
Masmovil,1B1M2091,40.296339,-3.747669
Telefonica,0800069,41.395314,2.125317
Telefonica,3100103,42.678528,-1.936278
Telefonica,0802095,41.4095,2.159583
Telefonica,3700125,40.709569,-5.523464
Telefonica,2802378,40.421094,-3.702944
Telefonica,1800740,37.210592,-3.651011
Telefonica,0804562,41.583456,1.628886
Telefonica,2400593,42.424222,-6.744194
Telefonica,2805220,40.472044,-3.451114
Telefonica,4600297,39.145358,-0.521564
Telefonica,3801399,28.305689,-16.564892
Telefonica,2900100,36.608594,-4.510033
Telefonica,4101362,37.072386,-5.089542
Telefonica,4800411,43.264228,-2.904014
Vodafone,135284,37.305967,-2.277428
Telefonica,4101038,37.37775,-5.99725
Telefonica,3500984,27.919569,-15.437072
Telefonica,0805847,41.400244,2.177094
Masmovil,1B1M2208,40.030014,-3.619253
Telefonica,4500605,40.135017,-3.828797
Orange,ANDR5218B,36.609647,-6.066961
Telefonica,3900036,43.304325,-4.236919
Telefonica,1700740,42.268375,2.953617
Telefonica,2800566,40.512942,-3.739342
Telefonica,3700192,41.034583,-6.803353
Telefonica,4500812,39.836769,-4.088783
Telefonica,3300932,43.297625,-5.564981
Telefonica,1600113,39.488572,-2.156497
Orange,CATR7484A,41.082217,0.472106
Orange,CATR7050A,41.670861,2.749289
Vodafone,184526,41.627419,2.692331
Orange,ARAR9796A,40.778839,-0.760478
Vodafone,115870,36.612447,-5.081667
Vodafone,59744,27.869375,-15.39385
Telefonica,4100127,37.358361,-5.977611
Orange,CLMR5336A,38.988833,-3.379611
Telefonica,0300971,37.854781,-0.780792
Orange,VALR6418G,37.936144,-0.722383
Vodafone,197382,37.274408,-6.838453
Orange,GALR9280B,42.225656,-7.846636
Telefonica,4601200,39.470603,-0.379517
Orange,ANDR4695A,36.061028,-5.660167
Orange,VALR5528A,38.189786,-0.550394
Vodafone,001452,43.321164,-1.976578
Vodafone,012941,41.429222,1.784278
Orange,ANDR9710K,36.993106,-6.541264
Vodafone,171771,41.234797,1.806364
Vodafone,42905,39.469611,-0.384994
Orange,PVAR9209A,42.653481,-2.788
Telefonica,0806455,41.403497,2.023925
Vodafone,081871,39.814883,4.275114
Vodafone,203486,43.363394,-4.049514
Telefonica,0807119,41.636922,2.727408
Vodafone,028723,41.386031,2.122967
Orange,MADR1888A,40.612842,-3.703033
Orange,CYLR2400A,41.618408,-4.780897
Orange,CTBR1201E,43.437236,-3.904858
Vodafone,83619,41.634328,2.281364
Telefonica,0600109,38.9788,-5.259594
Orange,CANR5606A,28.041367,-16.542922
Orange,CANR5127A,27.801353,-15.733206
Vodafone,087393,36.884033,-5.383008
Vodafone,101424,38.992694,-6.2945
Telefonica,2805197,40.476353,-3.947475
Telefonica,2300032,37.8383,-3.083347
Orange,CYLR9640A,41.155333,-4.488622
Telefonica,4800381,43.266058,-2.958664
Orange,CLMR5365A,38.634572,-3.628572
Vodafone,189685,27.761014,-15.593433
Vodafone,014535,37.028025,-4.338797
Masmovil,1B7SA1031,40.965292,-5.678806
Orange,MADR6337A1217,40.288733,-3.756822
Orange,VALR6373T,38.604078,-0.110842
Vodafone,090487,39.247589,-0.479014
Vodafone,14780,43.506133,-5.682369
Vodafone,001132,39.548389,2.384389
Orange,CANR5804A,27.786778,-17.900333
Orange,CLMR1779A,39.778322,-4.635147
Orange,VALR1623V,40.066697,-1.230886
Orange,ARAR0082B,41.638817,-0.947819
Vodafone,64313,40.489947,-3.374844
Telefonica,2300540,38.000117,-3.921033
Orange,PVAR0869D,43.372508,-3.021344
Orange,CATR5621A,41.729725,0.546378
Vodafone,189447,37.989592,-0.699042
Orange,MADR7501A,40.717217,-3.921208
Vodafone,32183,43.451447,-3.831519
Telefonica,2500127,41.625689,0.625339
Vodafone,074504,41.610958,2.277597
Orange,CATR5319A,41.518667,0.876175
Vodafone,020063,41.666722,2.174914
Telefonica,5000585,41.645503,-0.882711
Masmovil,1B6O0055,43.518372,-5.716431
Vodafone,075550,43.400114,-2.698561
Telefonica,2803414,40.298986,-3.929131
Vodafone,171629,36.694122,-6.103136
Telefonica,0800565,41.675367,2.725219
Vodafone,60429,42.458161,-2.400217
Vodafone,93168,42.465967,-2.474086
Orange,CYLR4680A,42.984278,-3.172667
Telefonica,3600604,42.379997,-8.720006
Vodafone,086253,40.27425,-3.400342
Telefonica,4101495,37.38175,-6.130028
Vodafone,001527,42.805844,-1.635664
Telefonica,800220,41.385142,2.163083
Vodafone,14829,43.491028,-8.251778
Vodafone,143506,40.40455,-3.609056
Orange,CYLR6408D,41.009533,-6.360286
Orange,CLMR8962A,39.912689,-5.177622
Orange,CLMR8583A,39.497183,-2.847267
Vodafone,099665,40.974556,0.519453
Telefonica,0300537,37.912261,-0.724575
Masmovil,1B5J6073,38.278528,-3.608278
Vodafone,077011,39.569528,2.663611
Vodafone,065734,41.386133,2.168422
Orange,CLMR1613A,39.915108,-4.025428
Telefonica,1400332,37.618936,-4.320475
Orange,MADR1732A,40.4972,-3.338275
Orange,PVAR8646A,42.836611,-2.659756
Orange,ANDR6701A,37.717533,-4.858508
Orange,CANR5343A,28.049503,-14.350192
Orange,MADR7784A,40.456078,-3.480739
Orange,GALR6073E,42.268042,-8.758361
Vodafone,94148,40.441136,-3.784358
Masmovil,1B4A3560,38.362247,-0.479328
Vodafone,108656,28.469669,-13.987842
Telefonica,1800162,37.148347,-3.667803
Vodafone,51322,39.462533,-0.338067
Vodafone,101423,36.761206,-4.24025
Masmovil,1B2B2378,41.752114,1.900739
Vodafone,27824,40.391219,-3.760311
Vodafone,68619,28.448733,-13.86935
Orange,CATR5799A,42.166547,2.748492
Vodafone,077413,43.315094,-2.459792
Telefonica,0400228,36.809086,-2.597869
Orange,MADR0038A,40.430236,-3.721058
Vodafone,011526,42.218556,-8.736361
Orange,CTBR0179A,43.458325,-3.841431
Vodafone,028335,36.945172,-3.697108
Vodafone,073424,41.540719,2.118858
Orange,ANDR9393A,36.840142,-2.463961
Vodafone,080959,37.977889,-0.777897
Telefonica,1100145,36.296353,-5.305817
Orange,GALR0938A,42.931167,-8.159853
Vodafone,106512,40.620508,-0.100394
Orange,ANDR7031A,37.889942,-4.775228
Vodafone,2201MU,37.989461,-1.132214
Orange,GALR8770G,42.157653,-7.963056
Telefonica,4600328,39.443656,-0.389261
Vodafone,117780,37.544417,-2.625861
Telefonica,0802379,41.58115,1.61305
Vodafone,26494,36.706822,-3.489444
Masmovil,1B1AB4618,38.983356,-1.925733
Telefonica,3800755,28.2018,-16.820739
Vodafone,66734,38.055522,-1.217181
Orange,MURR0287A,37.620442,-0.878828
Telefonica,3000057,37.745639,-0.850778
Masmovil,1B6C2651,42.733944,-8.660111
Vodafone,74377,39.5731,2.63025
Vodafone,181958,41.162425,1.162761
Vodafone,096644,41.518869,1.634192
Orange,ASTR1551B,43.350956,-7.1085
Vodafone,191025,37.977947,-0.676811
Vodafone,198204,37.634194,-0.989972
Orange,EXTR0403A,38.8572,-6.544925
Vodafone,199290,37.544833,-5.053917
Orange,VALR1969A,39.452558,-0.627333
Vodafone,062226,40.386142,-3.669219
Orange,MURR0501J,37.969697,-1.218
Masmovil,1B3NA0867,42.055411,-1.599756
Vodafone,87860,43.465242,-3.570692
Vodafone,115885,37.033667,-1.950111
Vodafone,090489,37.391561,-6.323119
Orange,CLMR9524A,40.644731,-3.329847
Telefonica,1101182,36.309886,-6.147997
Orange,GALR0473A,43.056781,-9.086556
Orange,GALR4057B,42.039725,-8.662025
Vodafone,120854,42.407069,-7.988742
Vodafone,81046,42.609064,-8.637078
Vodafone,149532,37.698658,-4.919114
Vodafone,195093,42.791294,-4.271417
Orange,MADR6315A1057,40.541064,-3.637444
Vodafone,84044,37.18275,-2.994
Telefonica,0701000,39.705544,2.790917
Orange,CATR4777A,41.544747,2.035986
Telefonica,1400596,37.627611,-4.707639
Orange,ASTR1182B,43.324461,-6.029153
Masmovil,1B2B2037,41.298422,2.013883
Telefonica,2900933,36.603078,-4.508956
Orange,CYLR9350A,41.368789,-3.995014
Telefonica,3600907,42.600256,-8.760142
Telefonica,4600041,39.477758,-0.422281
Vodafone,191239,41.077444,1.179722
Orange,PVAR0730A,43.306108,-2.909803
Orange,CATR6109A,41.372558,2.150075
Vodafone,871,42.35605,3.160625
Telefonica,2600154,42.448667,-2.451917
Orange,ANDR8823A,36.820722,-2.532417
Orange,ANDR2747B,36.488614,-4.992867
Telefonica,4603320,38.932825,-0.166089
Vodafone,195248,41.540533,1.868975
Telefonica,1100291,36.612608,-6.286389
Vodafone,081325,37.483383,-4.435164
Masmovil,1B1M3225,40.489067,-3.887392
Vodafone,120698,38.967919,1.269519
Telefonica,2801775,40.183056,-3.680819
Vodafone,98297,36.650806,-6.127719
Orange,CATR5777A,42.066017,2.628233
Orange,VALR1410A,39.443483,-0.489628
Vodafone,84076,37.995425,-1.509856
Orange,VALR5895A,38.403031,-0.775219
Orange,CATR2805B,41.324825,2.119325
Vodafone,082144,39.133381,-5.62715
Orange,CATR5641A,41.613472,0.618417
Orange,MADR1734A,40.506397,-3.331925
Telefonica,1300238,38.633433,-2.861503
Vodafone,129781,40.52185,-3.900764
Vodafone,76439,37.207553,-7.230011
Orange,CLMR9779A,40.764728,-3.3828
Orange,ANDR6218A,37.505686,-3.667725
Vodafone,2241,28.362953,-13.873675
Masmovil,1B1M3192,40.599425,-3.498319
Orange,CATR5318A,41.788139,0.810806
Orange,EXTR6460A,39.545922,-5.511036
Vodafone,194865,42.182136,2.800208
Vodafone,100631,39.645811,3.374236
Orange,ANDR0732A,37.198153,-5.794883
Telefonica,2804600,40.438789,-3.999861
Vodafone,187210,40.154625,-3.632394
Orange,ANDR6843A,37.891922,-4.748053
Telefonica,5000371,41.583856,-1.120236
Telefonica,2000215,43.312889,-2.011
Telefonica,2900014,36.778228,-4.100939
Vodafone,196903,37.567253,-4.556714
Vodafone,026624,36.628442,-4.494056
Orange,ARAR7552A,42.435525,0.071475
Telefonica,2807852,40.503236,-3.707147
Vodafone,75312,43.035583,-7.574639
Telefonica,2801916,40.13675,-3.576322
Vodafone,019874,38.005694,-4.776111
Telefonica,2811096,40.4296,-3.675408
Telefonica,1800014,37.092978,-3.387358
Orange,GALR0011C,43.366167,-8.421778
Orange,GALR1018K,43.282306,-8.212611
Vodafone,345,39.958742,-4.929267
Vodafone,068310,40.615914,0.589011
Vodafone,19782,39.453025,-0.353856
Vodafone,104410,40.977697,-5.157761
Vodafone,24455,39.873972,-0.512056
Masmovil,1B5J6023,38.010694,-3.369519
Telefonica,3300403,43.358,-5.859542
Orange,ANDR6875A,37.579925,-4.643308
Orange,VALR6166A,38.755167,-0.430111
Orange,VALR9617V,39.8495,-0.488606
Orange,ANDR6358A,37.732247,-2.788047
Masmovil,1B7LE1333,42.305222,-5.899194
Orange,CLMR2301A,39.930972,-3.915747
Orange,ASTR0203B,43.358217,-5.851267
Vodafone,110098,41.915794,-7.423947
Telefonica,3800292,28.07785,-16.695086
Vodafone,78903,36.711942,-4.435944
Telefonica,2500098,41.686847,0.482197
Orange,ARAR7516A,41.802053,-0.161717
Orange,VALR9616V,39.841956,-0.4772
Vodafone,015978,39.592806,-3.121778
Telefonica,2800047,40.398386,-3.69895
Masmovil,1B5CA5285,36.468911,-6.199086
Telefonica,2000036,43.321158,-1.922058
Vodafone,112235,38.453522,-5.110978
Telefonica,2808755,40.473503,-3.676825
Vodafone,080266,41.009408,0.912981
Orange,GALR5004C,42.444833,-8.636264
Vodafone,195266,41.612711,0.679419
Vodafone,069268,41.479053,2.067314
Masmovil,1B3SS4451,43.312867,-2.004936
Vodafone,12285,28.374528,-16.363389
Orange,CYLR6404A,41.190767,-6.227758
Vodafone,77315,43.317928,-3.019778
Vodafone,189793,38.922556,-2.046889
Vodafone,120716,28.535419,-16.238392
Telefonica,2800303,40.340339,-3.710211
Orange,CATR5378A,41.762278,0.904831
Orange,ARAR7617A,41.716283,-0.020981
Vodafone,18279,40.971731,-4.109653
Telefonica,3300417,43.389172,-5.802567
Orange,CANR5798A,28.0676,-16.656336
Telefonica,2901338,36.70665,-4.448142
Orange,CATR2043A,41.527928,2.143942
Telefonica,3801464,28.050278,-16.529
Masmovil,1B4A4054,38.603753,-0.047067
Masmovil,1B5SE0755,37.271325,-5.549247
Orange,RIOR5115A,42.228308,-2.107608
Telefonica,4500401,40.125292,-3.677892
Telefonica,2803099,40.428117,-3.719586
Telefonica,4000004,40.949617,-4.121333
Vodafone,190823,38.398544,-0.434375
Orange,ARAR7746A,42.551,0.740389
Vodafone,110495,41.652861,-4.716861
Orange,ANDR8749A,36.794194,-2.633611
Orange,CYLR8633A,40.656625,-4.700756
Masmovil,1B2Z0027,41.645083,-0.897361
Telefonica,3601685,42.571072,-8.051714
Telefonica,4301280,41.266422,0.841169
Vodafone,080331,40.630158,0.291747
Orange,RIOR5222A,42.359514,-2.548017
Orange,CATR8497A,41.282853,1.433419
Vodafone,73936,37.684239,-0.9527
Vodafone,104196,42.143333,-1.972278
Telefonica,2900778,36.719131,-4.411231
Orange,EXTR0356D,38.35155,-6.163833
Vodafone,154437,40.945111,-3.091469
Orange,ANDR6366A,37.433083,-3.808667
Vodafone,106367,41.268158,1.416833
Vodafone,146641,43.093222,-8.68575
Orange,BALR0341A,39.650378,3.108628
Telefonica,4500156,40.121389,-3.936667
Vodafone,6328,40.359769,-3.697064
Vodafone,93650,38.480208,-1.325836
Telefonica,0200130,39.301306,-1.666556
Telefonica,4300791,41.0786,1.133583
Vodafone,203407,42.618953,-3.359464
Vodafone,146312,42.457028,-4.121028
Vodafone,093964,37.257347,-4.310808
Orange,CATR7452A,41.134644,1.354256
Orange,GALR0481C,43.266528,-8.966
Orange,VALR9643V,40.041469,-0.073611
Telefonica,0400353,36.764306,-2.615667
Masmovil,1B8GC0042,28.110081,-15.431194
Telefonica,1501707,43.502444,-8.213361
Orange,CATR5413A,41.709811,0.902886
Vodafone,024338,38.536181,-0.121281
Orange,ARAR5247A,41.293347,-1.968953
Vodafone,143746,39.488522,-2.745519
Orange,VALR3988V,39.163617,-0.244464
Vodafone,106397,38.935436,-0.149419
Orange,CATR7590A,41.207733,0.964611
Orange,VALR5842A,38.122336,-0.988736
Vodafone,26945,40.362142,0.397108
Orange,ASTR7203C,43.54645,-6.745756
Orange,CATR1057A,41.322108,2.0097
Orange,BALR0552C,38.894919,1.358214
Masmovil,1B4MU1240,37.833544,-0.793761
Orange,ANDR5608B,37.170528,-3.606419
Vodafone,196887,36.855525,-2.445389
Orange,MADR0405F,40.435433,-3.698661
Telefonica,1800932,36.789431,-3.602653
Orange,GALR5945A,42.675042,-8.151561
Orange,MADR3078A,40.212803,-3.191972
Masmovil,1B5CO2670,37.890444,-4.787056
Orange,GALR3915A,43.368722,-8.4175
Orange,MADR0630A,40.358792,-3.831256
Telefonica,2700042,43.023639,-7.565528
Orange,GALR6053G,42.464647,-8.924586
Vodafone,070332,36.709708,-4.437203
Masmovil,1B2T5721,41.107642,1.147228
Orange,CANR5051A,28.173628,-14.221539
Orange,MADR0711B,40.664992,-3.7701
Vodafone,021733,41.430253,2.140336
Orange,CATR8090A,41.081222,1.036281
Vodafone,106575,40.414756,-3.006342
Vodafone,059138,43.257008,-2.938222
Orange,ASTR0275B,43.361447,-5.8835
Vodafone,01661,37.356272,-5.986089
Vodafone,150425,42.974028,-8.671
Vodafone,117245,43.018972,-8.542333
Orange,ANDR9659A,37.917042,-6.820556
Orange,CYLR4688A,42.338314,-3.688411
Orange,CLMR0420A,40.020514,-4.072625
Orange,ANDR1118C,37.183678,-4.780636
Telefonica,4600304,39.138589,-0.593419
Orange,ANDR6706A,37.970008,-4.450003
Vodafone,81118,42.846464,-8.911111
Telefonica,4500343,39.9685,-4.629194
Orange,MADR8554A,40.674375,-4.085944
Orange,CANR5672A,28.243219,-16.404328
Orange,ANDR9434A,37.197658,-7.305533
Orange,MADR4210A,40.479192,-3.678333
Vodafone,84021,36.292625,-6.110494
Orange,ARAR5118A,41.636972,-0.760936
Telefonica,2805532,40.458103,-3.667453
Masmovil,1B2B2167,41.5429,2.116825
Telefonica,0400249,36.784917,-2.607722
Orange,PVAR9135A,43.164806,-3.01765
Orange,CATR5217A,42.290372,2.934961
Orange,CATR0060G,41.416744,2.187347
Vodafone,026658,36.588208,-4.532992
Orange,ASTR1462B,43.230633,-4.748403
Orange,CLMR8881V,38.822,-2.180917
Orange,GALR6360A,42.083444,-8.678528
Vodafone,148240,40.276556,-3.806447
Vodafone,93265,40.49605,-3.357239
Vodafone,159457,42.548531,-2.580078
Vodafone,144085,40.426917,-3.697028
Telefonica,5000061,41.753033,-0.840197
Telefonica,2900134,36.737611,-4.382944
Telefonica,2902670,36.900239,-4.430792
Vodafone,133007,42.030053,-1.656022
Vodafone,101914,28.131397,-15.635447
Vodafone,51053,40.456697,-3.706622
Telefonica,4602661,39.42975,-0.403722
Orange,VALR9442A,40.025072,0.041819
Vodafone,067994,38.090803,-0.952081
Vodafone,70315,42.257939,-8.676872
Telefonica,2000551,43.308686,-1.945339
Telefonica,3300779,43.55625,-5.922528
Masmovil,1B2B0212,41.387578,2.108997
Vodafone,94107,40.600336,-3.496994
Vodafone,199309,38.684003,-6.404442
Masmovil,1B1M0090,40.423789,-3.700358
Vodafone,370,40.386536,-4.357986
Vodafone,189807,41.081992,1.131786
Orange,GALR2621A,42.863361,-8.491167
Orange,ANDR1557A,37.389686,-5.9911
Telefonica,0400066,36.840533,-2.415506
Masmovil,1B1M0259,40.4626,-3.614678
Orange,MADR1634A,40.398311,-3.698919
Orange,CATR7218A,41.617822,2.670497
Vodafone,002669,41.296817,-3.740403
Masmovil,1B5SE0504,37.358692,-6.034983
Masmovil,1B6OU3527,42.338336,-7.889939
Orange,CLMR7009A,38.989611,-1.862972
Orange,VALR5841A,38.300614,-0.633203
Vodafone,091325,37.837281,-4.006333
Vodafone,063289,42.549436,-1.8574
Vodafone,191059,42.957667,-3.376556
Vodafone,082314,38.982683,1.532225
Orange,VALR9625V,39.7423,-0.184997
Vodafone,081047,42.690072,-8.476483
Telefonica,4500252,39.856878,-4.027114
Telefonica,1000013,39.467656,-6.377239
Telefonica,4100680,37.384089,-5.970592
Vodafone,085034,42.552806,-5.586722
Vodafone,001471,42.922114,-2.181972
Masmovil,1B2B1526,41.366825,2.124108
Orange,CATR7201A,42.102142,2.222597
Vodafone,00142,41.637361,-4.755917
Orange,CYLR5624A,40.552964,-5.670681
Orange,MADR7763A,40.363264,-3.285047
Orange,CATR5362A,41.596411,0.880256
Masmovil,1B4V1172,39.150794,-0.441303
Vodafone,028741,37.339836,-2.041433
Orange,MADR6502A,40.391003,-3.701536
Vodafone,014463,37.776475,-5.390433
Orange,ANDR2580D,36.724167,-4.416917
Orange,CATR0955I,41.392847,2.010806
Telefonica,2200210,42.449744,0.132706
Telefonica,2802451,40.405553,-3.716689
Telefonica,1501368,43.337517,-8.391392
Telefonica,3800347,28.096528,-16.749028
Orange,ANDR9390A,36.831139,-2.431533
Masmovil,1B4V1277,39.477542,-0.542022
Vodafone,57383,41.353589,2.103844
Orange,ANDR7502A,37.896086,-4.791525
Vodafone,203489,43.334911,-4.044725
Vodafone,001647,37.17525,-3.597333
Telefonica,0302447,38.368278,-0.510083
Telefonica,0800867,41.632464,1.476569
Telefonica,2800305,40.538714,-3.642208
Telefonica,4101086,37.375792,-5.900033
Vodafone,201750,42.155017,-8.662928
Vodafone,042279,41.657236,-4.739911
Vodafone,103425,38.878406,-0.366431
Orange,MURR0156V,37.997589,-1.173961
Orange,PVAR7301B,43.278722,-2.010139
Vodafone,013082,42.633056,-0.31675
Vodafone,137252,43.207267,-2.763072
Vodafone,208614,41.791783,3.05395
Vodafone,0139692,43.376194,-5.827611
Vodafone,79318,37.383583,-6.009
Orange,ARAR7580A,41.622311,0.190358
Orange,CYLR4759A,42.375542,-3.893653
Telefonica,0900173,42.351181,-3.664497
Orange,VALR1644V,39.381381,-0.57365
Vodafone,082598,37.675328,-6.654272
Vodafone,72650,41.155569,-4.175458
Telefonica,4800236,43.258028,-2.920889
Vodafone,134646,40.882342,0.800281
Orange,MURR0131B,37.954653,-1.202819
Orange,CATR4731A,41.557431,2.450089
Orange,ANDR7296A,37.567253,-4.556714
Masmovil,1B2B1946,41.601097,2.296014
Telefonica,2100105,37.611228,-7.245786
Vodafone,196412,36.750933,-4.758764
Orange,PVAR7314A,43.1879,-2.06205
Vodafone,28485,39.579267,2.639522
Telefonica,2800324,40.229517,-3.985242
Telefonica,0806365,41.382022,2.090178
Telefonica,2900050,36.730494,-4.364719
Telefonica,2801842,40.284222,-3.797572
Vodafone,138855,42.013528,-5.682306
Vodafone,156838,42.899222,-7.464778
Orange,ARAR7595A,41.724611,0.151958
Telefonica,4500339,40.107083,-4.72575
Vodafone,102536,43.470367,-5.830431
Telefonica,4100473,37.277581,-4.802889
Vodafone,055713,42.168525,-1.683658
Vodafone,73410,40.461597,-3.692306
Orange,GALR9922B,42.339608,-7.865356
Orange,CYLR9530A,41.219289,-4.520619
Telefonica,0300258,38.623089,-0.766703
Vodafone,55894,40.358794,-3.830886
Orange,ARAR7532A,42.570806,-0.546667
Orange,BALR0247A,39.516072,2.536703
Vodafone,78583,36.133064,-5.453925
Vodafone,083501,40.314064,-4.248389
Telefonica,5000679,41.675028,-0.869911
Masmovil,1B1GU4201,40.564717,-3.264897
Telefonica,0800348,41.418508,2.180875
Vodafone,082148,39.825506,-6.772417
Telefonica,3800093,28.37625,-16.362667
Orange,ARAR7631A,42.13375,-0.417583
Telefonica,0800420,41.613042,1.848628
Vodafone,52892,40.514431,-3.653267
Vodafone,19781,39.560944,-0.625272
Telefonica,2810743,40.308144,-3.729328
Orange,MURR0812E,38.188258,-1.893267
Telefonica,2800427,40.391919,-3.655944
Vodafone,00862,41.303806,2.080306
Orange,MADR8574A,40.552286,-4.013319
Orange,CYLR4010A,41.625069,-4.762022
Orange,CYLR6968A,42.038947,-6.802583
Telefonica,0200048,38.970425,-1.847578
Vodafone,94907,40.410314,-3.790639
Telefonica,4600146,39.485169,-0.396339
Vodafone,146682,41.667606,-0.864456
Orange,MADR3872A,40.288231,-3.756767
Orange,CANR5644A,28.271928,-16.385467
Orange,ANDR9736C,37.183942,-6.964731
Vodafone,078176,40.478786,-3.364319
Telefonica,1100902,36.289722,-5.285639
Telefonica,4800213,43.173097,-2.580328
Vodafone,92090,37.215725,-2.062472
Orange,ANDR5783C,37.592344,-2.460139
Orange,EXTR6112A,39.450942,-6.507828
Telefonica,3900461,43.446086,-3.910106
Telefonica,2811034,40.351006,-3.692575
Orange,EXTR6134D,40.325383,-6.178925
Vodafone,081773,39.687267,2.843536
Orange,ANDR8000A,37.759869,-3.795842
Vodafone,3395,40.431142,-3.623742
Vodafone,198680,42.409692,-3.534967
Orange,MADR1801A,40.298933,-3.929003
Orange,CYLR9233A,40.950333,-4.122194
Vodafone,75049,36.681894,-6.115439
Telefonica,0300070,38.604078,-0.110842
Telefonica,0700744,39.453875,3.270775
Vodafone,085574,36.973967,-5.217344
Vodafone,199190,37.773203,-3.785969
Orange,MURR0355C,37.56945,-1.801658
Masmovil,1B7VA0528,41.596722,-4.118172
Telefonica,0300758,38.346081,-0.489867
Orange,CANR5865A,28.483778,-16.316972
Orange,MADR0543H,40.463472,-3.613783
Masmovil,1B2L5302,41.616797,0.628819
Telefonica,1000450,39.456658,-6.390267
Masmovil,1B4A4217,38.177269,-0.96505
Vodafone,50319,43.144156,-2.154803
Vodafone,71243,38.359303,-0.483622
Vodafone,112265,43.537678,-5.665194
Telefonica,0600225,38.454028,-6.3675
Orange,MURR0703A,38.609517,-1.112328
Orange,MADR7522A,40.136511,-3.417442
Vodafone,2069,42.889611,-8.546583
Orange,MADR8587B,40.209056,-3.870014
Orange,BALR0433A,39.869939,4.137031
Orange,ASTR0210B,43.365758,-5.843339
Orange,ARAR7737A,42.10275,-0.447194
Telefonica,0801221,41.464122,1.675989
Telefonica,0301367,38.244856,-0.703797
Orange,ANDR2701B,36.673611,-4.548689
Orange,CATR0511Z,41.394022,2.112928
Vodafone,76946,40.342183,-3.708247
Telefonica,0600363,38.921022,-6.37985
Telefonica,2100148,37.226636,-7.269033
Orange,CLMR8866V,39.286167,-1.469819
Orange,ANDR2893A,36.566597,-4.597078
Telefonica,3600093,42.209972,-8.767111
Telefonica,0700044,39.434103,3.021042
Vodafone,90947,40.741233,-4.073394
Telefonica,3200590,42.290603,-7.808119
Vodafone,79421,39.375664,-0.479453
Orange,CYLR6903G,41.501044,-5.750772
Orange,CLMR5377A,38.931639,-3.388472
Vodafone,81129,42.734,-8.661167
Vodafone,039088,37.18835,-2.204886
Orange,BALR0901A,39.863419,3.141303
Masmovil,1B3S0076,43.348439,-4.050411
Vodafone,85260,42.267058,-8.673236
Vodafone,48597,41.277114,-1.219039
Vodafone,93171,38.920794,-0.22
Masmovil,1B6C2531,42.892806,-8.503083
Vodafone,81015,42.305222,-5.899194
Telefonica,0800506,41.625856,1.421669
Vodafone,028544,42.107808,3.153683
Telefonica,2800079,40.140383,-3.414747
Orange,PVAR8635A,42.836881,-2.746236
Vodafone,135068,36.752028,-3.139278
Orange,CATR0051A,41.410953,2.156781
Vodafone,000625,41.432472,2.150417
Telefonica,1200123,40.268008,-0.018944
Telefonica,1500453,42.884083,-8.513056
Telefonica,0802753,41.634222,1.905225
Orange,NAVR5173A,43.001917,-1.902222
Orange,ANDR5747A,37.186833,-3.485667
Telefonica,2805831,40.512428,-3.400033
Orange,PVAR5016A,43.244975,-3.094425
Vodafone,106744,43.366542,-2.874767
Orange,MURR4031A,37.797853,-0.838239
Telefonica,3301839,43.390553,-6.072606
Orange,CATR8910A,41.890608,3.184294
Telefonica,1700802,41.704133,2.855867
Vodafone,22948,40.753125,-4.667442
Vodafone,103686,40.622667,-4.61925
Orange,ARAR5318A,41.693392,-0.825211
Telefonica,4600111,39.428164,-0.4149
Vodafone,087306,43.508989,-8.144825
Orange,ANDR0160C,37.426297,-5.929336
Vodafone,143705,40.035544,-3.595178
Telefonica,3600299,42.433861,-8.601361
Telefonica,2901762,36.721472,-4.482503
Vodafone,204203,37.195586,-3.728492
Orange,CYLR8398A,42.330847,-4.801561
Vodafone,85200,42.222778,-8.734861
Orange,GALR8802A,42.198889,-7.794983
Telefonica,3800154,28.053611,-16.731222
Orange,VALR6457V,37.846447,-0.763672
Vodafone,25665,39.626814,-0.902103
Telefonica,4601703,39.456553,-0.453586
Vodafone,028347,41.423758,1.995967
Telefonica,2700018,42.518722,-7.511972
Orange,ANDR2691A,36.656389,-4.573611
Telefonica,0900158,41.988,-3.035639
Telefonica,5000420,41.652589,-0.904333
Orange,CLMR5312A,39.167861,-3.863167
Vodafone,052547,40.963492,-5.664008
Vodafone,192884,41.735308,1.630939
Vodafone,11518,37.386358,-6.198633
Vodafone,191206,39.490428,2.480239
Orange,ANDR2472A,36.479303,-4.995117
Orange,CYLR9389A,41.356181,-3.771694
Vodafone,104791,41.144711,-3.680375
Telefonica,1700737,42.216428,2.603308
Vodafone,079919,38.954792,-5.864361
Vodafone,76010,41.384281,2.101483
Vodafone,089401,40.901069,-2.757431
Vodafone,0554,41.408375,1.059419
Vodafone,001213,39.500669,-0.346822
Vodafone,49269,37.16265,-5.939294
Telefonica,2300007,38.152319,-3.033044
Telefonica,4600887,39.677714,-0.367189
Vodafone,119407,41.449981,2.068303
Telefonica,4800366,43.254519,-2.911358
Orange,MADR0401B,40.489764,-3.692753
Orange,VALR1486A,39.481961,-1.060911
Telefonica,4100120,37.591278,-4.981194
Vodafone,0203742,41.302408,1.204783
Orange,MADR0352C,40.423378,-3.683894
Orange,VALR1874A,39.779494,-0.370461
Vodafone,196321,43.540694,-7.1735
Vodafone,026553,43.33275,-3.037861
Vodafone,093238,42.223681,-7.861514
Telefonica,2901202,36.753136,-5.148006
Telefonica,3501763,28.134294,-15.478242
Vodafone,2159,28.131117,-15.430153
Vodafone,206597,42.077944,2.152008
Vodafone,73393,37.604939,-0.977325
Telefonica,2800101,40.377106,-3.662181
Vodafone,149995,37.486528,-4.380792
Vodafone,71042,38.079017,-0.945494
Orange,BALR1006A,39.565783,2.664336
Telefonica,0802736,41.579569,1.619078
Telefonica,4300591,41.226017,0.537928
Orange,ARAR5309A,41.38715,-0.857917
Telefonica,4500302,39.613153,-3.215944
Vodafone,25559,39.6027,2.667061
Orange,ANDR1613F,37.423703,-6.147733
Masmovil,1B1M0274,40.385669,-3.726806
Vodafone,158627,38.613856,-6.612561
Orange,CATR5138A,42.424603,1.928864
Masmovil,1B2B0224,41.386133,2.128997
Telefonica,4500373,40.036667,-3.886
Orange,CATR4763A,41.697783,2.713686
Telefonica,3800840,28.418839,-16.542581
Vodafone,023744,40.425894,-3.688792
Telefonica,1000473,39.142461,-5.917792
Vodafone,198157,36.695189,-6.134767
Telefonica,0100492,42.86305,-2.618078
Orange,ANDR9583F,37.270056,-6.510072
Telefonica,3700832,41.160139,-6.690131
Masmovil,1B5SE0328,37.47025,-5.649222
Orange,CATR3034A,41.401672,2.159119
Vodafone,075915,41.548122,2.225403
Masmovil,1B2B1542,41.350658,2.113219
Orange,VALR1478A,39.357189,-0.446964
Orange,CTBR7203F,43.408581,-3.326528
Telefonica,2000891,43.285311,-2.323133
Vodafone,59733,27.984572,-15.459342
Vodafone,081201,37.319167,-6.678131
Telefonica,3000232,37.999828,-1.112658
Telefonica,1200240,39.984967,-0.038772
Orange,VALR5550B,38.481536,-0.417394
Vodafone,084211,37.387461,-6.078372
Vodafone,81261,37.762528,-3.960717
Orange,ANDR7957A,37.409533,-3.960358
Vodafone,156329,38.667706,1.392972
Telefonica,0806287,41.594997,2.218875
Vodafone,33056,42.854472,-7.143969
Vodafone,088540,38.002019,-1.14765
Orange,ARAR5243A,41.813214,-1.515531
Telefonica,2900195,36.757633,-3.9472
Orange,CATR5013A,41.364067,2.041342
Vodafone,085895,38.074306,-1.164881
Telefonica,4603948,39.096008,-0.218814
Telefonica,4900333,41.256992,-6.174219
Orange,NAVR5169A,42.649769,-1.298386
Vodafone,099971,41.539581,-4.533053
Orange,PVAR7312B,43.125267,-2.080667
Vodafone,079427,39.492278,-1.082306
Vodafone,184197,28.015392,-16.652056
Vodafone,199831,41.005222,-5.4943
Orange,BALR0337A,39.600619,2.925158
Orange,VALR1835A,38.964475,-0.186297
Telefonica,2700139,43.124056,-7.067722
Vodafone,147360,41.870761,2.766328
Vodafone,83568,37.844169,-0.858783
Orange,BALR1020B,39.5813,2.666361
Vodafone,104598,41.683522,-2.198361
Telefonica,0804043,41.379386,2.174267
Orange,ANDR3119A,36.892356,-4.114139
Orange,BALR0236A,39.803336,3.117033
Telefonica,2800633,40.592611,-4.159536
Telefonica,4300246,41.015014,0.949022
Telefonica,0802549,41.4028,2.138289
Orange,MADR7802A,40.712042,-4.073606
Telefonica,4800603,43.361486,-3.004331
Orange,PVAR9226A,42.765944,-2.537772
Vodafone,78923,40.095108,0.132819
Orange,MADR1775A,40.656867,-3.757222
Vodafone,66018,42.825728,-1.672994
Orange,ARAR8825V,40.381928,-0.637419
Vodafone,191495,36.318758,-6.141431
Vodafone,083305,41.691228,2.723511
Vodafone,195315,41.581944,2.013578
Vodafone,28497,41.363414,2.152608
Vodafone,008091,42.285972,-3.850861
Vodafone,3251,41.390003,2.153339
Orange,EXTR6257A,39.475947,-5.476508
Masmovil,1B1CR4525,39.129611,-3.088889
Orange,MADR6341A107,40.441881,-3.70155
Vodafone,091190,37.245278,-4.57705
Vodafone,10076,39.800414,-0.130503
Orange,ARAR5361A,42.1483,-1.234867
Orange,ANDR4408A,36.915678,-5.534239
Masmovil,1B1M0937,40.324342,-3.694331
Telefonica,0900781,42.362181,-3.685239
Masmovil,1B5CA5051,36.533222,-6.302497
Masmovil,1B1M3354,40.554158,-4.021247
Orange,PVAR7327A,43.182458,-2.316794
Vodafone,85086,41.745489,1.911614
Vodafone,34915,37.387539,-5.985439
Masmovil,1B1M2059,40.355278,-3.755275
Vodafone,190249,43.381753,-4.295781
Telefonica,4600134,39.455681,-0.404544
Telefonica,0802818,42.122083,2.100367
Orange,EXTR0540A,38.951292,-6.202211
Vodafone,116311,38.894919,1.358214
Telefonica,0800649,41.441911,2.220375
Vodafone,142845,39.721981,-0.189586
Telefonica,1100730,36.683758,-6.146853
Orange,ASTR0334A,43.55625,-5.922528
Vodafone,56917,28.110081,-15.431194
Telefonica,1100577,36.638231,-6.331469
Vodafone,023292,36.626869,-4.504381
Orange,CYLR3010A,41.596778,-4.750556
Telefonica,3501557,27.770958,-15.548939
Telefonica,3000989,37.649256,-0.924347
Vodafone,151835,43.424603,-3.843961
Masmovil,1B1M0472,40.415936,-3.695506
Telefonica,4100079,37.242422,-5.103308
Telefonica,0100076,42.869058,-2.667103
Orange,ANDR2761C,36.507908,-4.894558
Masmovil,1B6LU3110,42.997861,-7.568806
Orange,CLMR3501A,38.78125,-4.827111
Telefonica,0807147,41.542736,2.453131
Vodafone,31755,40.421061,-3.839939
Orange,CYLR9798A,41.720931,-2.479675
Telefonica,3800092,28.391622,-16.522439
Telefonica,2600444,42.467175,-2.4414
Orange,MADR0248G,40.342219,-3.708275
Telefonica,1100486,36.917606,-5.227783
Vodafone,75494,43.554964,-5.746942
Vodafone,000902,39.465653,-0.358169
Vodafone,074917,40.405264,-3.660314
Orange,CATR8875A,42.249119,2.813803
Vodafone,74843,36.5927,-4.555997
Orange,ANDR9472A,37.614869,-6.683689
Telefonica,1500432,42.525167,-9.013889
Orange,MURR1290B,37.717561,-1.3656
Vodafone,92006,41.069494,1.153153
Vodafone,063709,41.925233,2.247903
Orange,ANDR6828A,37.909119,-4.794503
Vodafone,200041,36.761039,-4.087442
Telefonica,2810646,40.464967,-3.635522
Telefonica,0801732,41.558553,2.030119
Orange,ARAR8803V,40.186953,-0.656722
Orange,CTBR3002A,43.386456,-4.490044
Telefonica,2806157,40.357931,-3.825531
Orange,CANR5138A,28.138947,-15.630061
Telefonica,2802072,40.556997,-3.626444
Telefonica,3600092,42.231981,-8.716847
Masmovil,1B1CR0004,38.65075,-3.456567
Telefonica,1900439,40.620533,-3.158972
Orange,CTBR3202D,43.385769,-4.290306
Telefonica,2810152,40.507142,-3.878414
Telefonica,2900947,36.537561,-4.625592
Orange,ANDR0307A,37.527361,-5.297667
Telefonica,2804447,40.325867,-3.862019
Masmovil,1B1M3249,40.60355,-3.970753
Vodafone,015495,43.524408,-5.668722
Vodafone,163441,42.420861,-8.657439
Telefonica,0700605,39.718194,2.903444
Vodafone,73144,38.280436,-0.723281
Masmovil,1B6OU3580,42.404636,-7.059303
Orange,CLMR5477A,38.886369,-4.015617
Vodafone,050458,42.671147,-8.777483
Telefonica,2802519,40.549583,-3.632436
Orange,CYLR4524A,42.391761,-3.460011
Vodafone,103559,41.280358,1.794992
Vodafone,195237,41.731347,1.537811
Orange,MADR0587D,40.334789,-3.771311
Telefonica,3000620,37.933078,-1.179556
Vodafone,037611,41.671892,-0.890378
Vodafone,077840,43.372694,-8.424861
Telefonica,4100561,37.335033,-5.965292
Vodafone,083740,40.547136,-3.613419
Masmovil,1B1M0654,40.453714,-3.702622
Orange,CLMR0521D,39.909961,-4.682117
Telefonica,1200144,39.990608,-0.039789
Telefonica,2300480,37.751033,-4.169564
Masmovil,1B5CO2870,37.627572,-4.707633
Telefonica,4800264,43.164306,-2.633194
Telefonica,2802139,40.44455,-3.684097
Vodafone,036713,37.319617,-6.061597
Orange,GALR6213A,42.39175,-8.699139
Telefonica,0804582,41.723194,2.155694
Vodafone,106930,39.05425,-1.906889
Orange,GALR8730A,41.939308,-7.434931
Vodafone,057581,41.347311,2.089178
Orange,CLMR1684A,39.580772,-3.859103
Telefonica,4600288,38.888181,-0.495333
Vodafone,48529,42.053167,-4.589089
Orange,CATR7159A,42.045528,2.2639
Vodafone,065529,43.338667,-8.4135
Vodafone,81250,38.27565,-3.625314
Vodafone,0100926,38.33425,-6.480222
Orange,ANDR8119A,37.891636,-3.364861
Vodafone,54860,41.121167,1.274789
Vodafone,81365,36.992675,-3.564664
Vodafone,204805,41.712133,-5.806478
Vodafone,051746,40.403364,-3.673561
Orange,CATR7219A,41.625128,2.677719
Orange,PVAR0801D,43.244064,-2.934128
Vodafone,190737,42.432322,-8.838964
Orange,VALB0251C,39.447767,-0.334064
Orange,CLMR8617A,39.914733,-3.007233
Vodafone,105623,41.830272,-5.117828
Vodafone,056576,40.025072,0.041819
Vodafone,189439,37.747972,-1.474722
Telefonica,4300289,41.206731,1.359294
Telefonica,0800657,41.332478,2.095569
Masmovil,1B2B0235,41.405397,2.1449
Vodafone,068617,43.011194,-4.12045
Orange,CLMR7719A,39.284444,-2.660361
Vodafone,59002,42.952556,-9.186028
Orange,RIOR0542S,42.465967,-2.474086
Vodafone,17,40.411581,-3.708594
Telefonica,2900011,36.662722,-4.459394
Orange,ANDR7916A,37.800547,-3.795683
Orange,CLMR1662A,40.0775,-4.357778
Orange,CYLR5622A,40.557778,-5.672056
Telefonica,0900188,42.30375,-3.821472
Telefonica,4800829,43.302642,-3.021169
Telefonica,2900054,36.854825,-4.451144
Vodafone,195849,37.261833,-3.780222
Telefonica,0900329,42.341597,-3.700069
Telefonica,2901349,36.727333,-4.445181
Telefonica,0200155,38.803861,-2.095972
Vodafone,084586,37.350394,-3.165031
Masmovil,1B3SS4607,43.303978,-1.878561
Orange,CYLR9369A,41.381844,-3.732158
Vodafone,96255,40.006172,-4.187472
Orange,MADR0207E,40.347211,-3.703825
Orange,CYLR8493A,40.82,-4.92375
Orange,CATR7304A,41.543039,1.742556
Telefonica,2809337,40.369536,-3.703158
Orange,ANDR9551E,37.242192,-6.950331
Telefonica,2000538,43.275694,-2.024889
Orange,CYLR7745C,42.519917,-4.730833
Telefonica,1300348,39.383044,-3.231639
Vodafone,44358,42.902308,-2.631436
Telefonica,0300982,38.461944,-0.818228
Masmovil,1B6O0046,43.537722,-5.662111
Orange,ANDR2970A,36.806319,-4.212922
Vodafone,071989,41.423842,2.206375
Telefonica,0802904,41.492483,2.076786
Orange,ANDR9565B,37.451781,-7.109947
Telefonica,2900146,36.830569,-4.536392
Vodafone,86297,42.393753,-7.847978
Vodafone,119111,42.365089,1.459392
Orange,CLMR8292A,40.077272,-2.254264
Vodafone,000376,38.688311,-4.117861
Telefonica,1400552,37.504322,-4.869203
Vodafone,085613,39.280225,-0.505989
Vodafone,198159,36.684806,-6.137333
Telefonica,1700244,42.065592,3.093211
Orange,CYLR6993C,41.600911,-5.663839
Orange,PVAR7408A,42.992731,-2.431989
Vodafone,199765,43.375306,-4.487833
Orange,CYLR6956A,41.828369,-5.383292
Orange,CATR0601F,41.394261,2.161178
Vodafone,I118961,38.65075,-5.596278
Vodafone,198679,42.30375,-3.821472
Vodafone,042293,41.507219,2.369753
Vodafone,085068,41.649906,2.681428
Vodafone,082542,41.374339,2.113733
Vodafone,79303,42.028367,-1.667289
Orange,VALR6437J,37.989967,-0.678597
Masmovil,1B5AL4260,36.755644,-2.679708
Vodafone,192831,40.6361,-3.995681
Orange,PVAR7348A,43.210308,-2.252856
Vodafone,73258,41.701361,2.855025
Telefonica,2000517,43.223483,-2.021794
Vodafone,000181,40.422792,-3.695972
Vodafone,20221,43.299778,-1.939586
Masmovil,1B4A4190,38.088081,-0.650286
Vodafone,53264,42.344056,-3.712611
Orange,VALR6215A,38.746436,0.189975
Vodafone,096910,38.907908,-0.304942
Telefonica,4800856,43.240286,-2.924117
Vodafone,103479,27.757175,-17.949561
Masmovil,1B1M0164,40.489392,-3.875811
Vodafone,135066,37.477606,-2.85325
Vodafone,193805,37.092978,-3.387358
Vodafone,076959,37.583944,-4.463725
Vodafone,134631,41.358908,2.140386
Vodafone,82562,39.6564,2.776383
Vodafone,101574,42.249611,2.092667
Telefonica,2000676,43.316278,-1.980994
Orange,MADR8130N,40.429089,-3.662425
Vodafone,082013,37.740292,-1.199875
Telefonica,0800154,41.543233,1.889572
Vodafone,100596,42.944806,-8.133028
Orange,EXTR6351A,39.254458,-6.191856
Orange,ANDR4226B,36.782686,-6.341036
Vodafone,103126,38.818906,-0.415367
Masmovil,1B6PO0605,42.427944,-8.639139
Telefonica,2901608,36.726292,-4.381339
Orange,ARAR0309C,41.647939,-0.875667
Vodafone,200244,37.148347,-3.667803
Masmovil,1B4V1280,39.429217,-0.602592
Vodafone,129897,38.541133,-1.290306
Vodafone,77062,40.548253,-3.638347
Vodafone,72975,41.548139,2.107278
Orange,GALR6368A,42.115664,-8.848644
Vodafone,117785,37.591833,-2.350694
Vodafone,141022,41.405008,2.201333
Vodafone,49600,42.692083,-2.06515
Telefonica,1000048,39.488481,-6.421175
Orange,GALR0445A,43.236194,-8.680806
Telefonica,0800979,41.379081,2.139931
Vodafone,092199,42.548556,-5.868889
Vodafone,56134,40.457364,-3.861147
Vodafone,81878,39.883256,4.276094
Vodafone,92024,38.386264,-2.589511
Vodafone,94224,42.270567,2.958833
Orange,VALR5335,39.453661,-0.350133
Vodafone,190124,38.452233,-0.379597
Vodafone,067731,41.387306,2.197306
Telefonica,2700795,42.633861,-7.706083
Orange,CYLR9860A,41.763153,-2.463986
Orange,ANDR6853A,38.037286,-4.373864
Orange,PVAR5041A,43.168408,-2.632861
Masmovil,1B5MA1918,36.749083,-4.41825
Vodafone,035368,41.535178,1.869808
Vodafone,78661,41.509606,2.037536
Vodafone,51632,42.268089,-1.262125
Orange,PVAR9117A,42.880347,-2.321794
Telefonica,0100091,42.505275,-2.444772
Telefonica,1800456,37.152444,-3.598472
Vodafone,29307,41.650769,-0.860186
Orange,GALR7332C,42.473583,-7.502528
Masmovil,1B1AB4740,38.869031,-1.097367
Vodafone,001023,38.534825,-0.159011
Telefonica,3900202,43.474294,-3.712725
Telefonica,2900840,36.719722,-4.424667
Vodafone,94881,39.486944,-1.355167
Vodafone,190439,38.54335,-0.118147
Orange,CYLR0039C,42.6005,-5.573361
Masmovil,1B1AB4634,38.992556,-1.861236
Orange,CYLR2718A,41.771431,-5.042381
Orange,GALR9951A,42.321647,-7.81
Telefonica,1800307,37.813747,-2.551233
Vodafone,31867,41.166261,0.905492
Orange,ANDR7978A,38.019778,-3.724303
Telefonica,3900210,43.380406,-4.439906
Vodafone,80383,41.322108,2.0097
Vodafone,074852,37.364983,-5.972186
Vodafone,066103,38.353047,-0.501067
Vodafone,056998,40.458194,-3.661828
Telefonica,2000157,43.102442,-2.099375
Telefonica,4600537,39.463997,-0.401322
Vodafone,116599,39.542692,-0.401125
Orange,CATR5647A,41.609525,0.670975
Vodafone,070205,38.544367,-0.100947
Orange,RIOR5117A,42.425861,-2.4155
Vodafone,51048,40.458817,-3.729306
Orange,MURR0621D,38.269403,-1.42375
Vodafone,84879,43.369122,-5.991303
Orange,CYLR9379A,41.111669,-4.640506
Orange,CLMR1725A,39.995628,-3.76575
Vodafone,49326,40.464928,-3.725761
Telefonica,0300450,38.083342,-0.649064
Vodafone,066037,37.984828,-0.686019
Telefonica,2805882,40.473508,-3.674842
Vodafone,89179,41.516228,-1.289314
Telefonica,4700506,41.69145,-4.678736
Vodafone,143968,41.887786,2.656778
Vodafone,013544,37.232833,-3.626417
Telefonica,4601188,38.910431,-0.101233
Masmovil,1B4A4173,37.989753,-0.686731
Vodafone,000809,41.070822,1.147172
Telefonica,1500236,42.852153,-8.530494
Vodafone,522,41.452633,-1.472058
Vodafone,111508,43.247758,-2.927547
Vodafone,079363,41.553872,2.179456
Orange,EXTR6315B,39.602603,-6.472611
Telefonica,3800862,28.652914,-17.916061
Vodafone,018345,41.611656,2.649969
Orange,MADR0424A,40.388581,-3.732267
Vodafone,194952,40.04005,-4.349156
Orange,VALR0189V,39.519336,-0.455981
Vodafone,56605,40.066947,-0.2284
Vodafone,018374,36.736603,-4.364858
Masmovil,1B4A4438,38.433078,-0.636939
Telefonica,2200364,41.754156,-0.291581
Orange,ANDR2093D,37.204289,-5.814744
Orange,ASTR0029A,43.497694,-5.703875
Orange,ANDR4309B,36.679681,-6.129697
Orange,CLMR2310A,40.113583,-3.694142
Telefonica,2800942,40.456561,-3.617511
Orange,NAVR5319A,42.590517,-2.017447
Telefonica,3301344,43.350956,-7.1085
Vodafone,197350,36.876167,-2.442878
Telefonica,2900188,36.761206,-4.24025
Vodafone,70607,39.716564,-4.239286
Masmovil,1B4A4403,38.327358,-0.765492
Vodafone,65946,39.459194,-0.364875
Vodafone,000163,40.463433,-3.613764
Orange,BALR0404A,39.888381,4.267742
Vodafone,192581,42.610278,-8.770333
Vodafone,52698,41.375328,2.128678
Vodafone,080431,37.394667,-5.938186
Vodafone,116687,37.200286,-4.221425
Orange,EXTR0098A,38.834172,-7.020661
Vodafone,090167,37.685644,-1.680572
Masmovil,1B5MA2432,36.718544,-4.292597
Telefonica,1000554,39.633078,-7.406408
Telefonica,3503013,28.876039,-13.834425
Orange,MADR7751A,40.3247,-3.869453
Vodafone,147743,38.836842,-6.362383
Orange,CYLR9246A,40.942597,-4.128564
Orange,CLMR8214A,40.072917,-2.136181
Vodafone,195472,28.37775,-16.566306
Orange,CYLR8651A,40.469083,-4.642028
Orange,CATR8312A,41.089111,1.131864
Vodafone,79512,42.620561,-5.690461
Orange,ANDR9489A,37.781156,-6.767853
Orange,ANDR9312A,37.187222,-1.91525
Telefonica,4100177,37.439342,-6.035419
Orange,ASTR1552A,43.389403,-7.049014
Vodafone,143915,37.451781,-7.109947
Orange,VALR9687V,40.268014,-0.018892
Telefonica,3600062,42.43075,-8.645722
Vodafone,058174,39.909961,-4.682117
Vodafone,074943,43.177303,-2.643628
Orange,ANDR4419A,36.937628,-5.266622
Telefonica,4600433,39.317156,-0.44535
Orange,CATR4002N,41.483106,1.98645
Orange,MADR6367A210,40.420422,-3.708564
Orange,VALR0026F,39.477861,-0.372717
Telefonica,1100981,36.179978,-5.3806
Vodafone,139698,36.831139,-2.431533
Masmovil,1B4A3507,38.345306,-0.479389
Orange,VALR1070V,39.404356,-0.408656
Masmovil,1B1M0667,40.379547,-3.622244
Telefonica,1101501,36.347222,-6.149333
Orange,CATR7052A,41.846342,2.240442
Vodafone,174775,36.723503,-4.443394
Vodafone,065912,28.689556,-17.775219
Telefonica,3501471,28.131339,-15.434333
Orange,ARAR0024Z,41.635667,-0.879806
Orange,VALR1050A,39.437339,-0.489464
Orange,PVAR1813A,43.299056,-2.9933
Masmovil,1B2B2125,41.562789,2.034064
Vodafone,81124,42.767897,-9.092633
Vodafone,189770,42.438917,-8.869944
Orange,CLMR5360A,38.942992,-3.224044
Telefonica,2805926,40.434806,-3.712003
Orange,CATR0926A,41.361672,2.118789
Telefonica,4603399,39.478306,-0.334142
Vodafone,I115138,42.809278,-4.941028
Vodafone,189673,28.738242,-13.868492
Masmovil,1B4IB0584,38.892492,1.409925
Telefonica,3800265,28.365306,-16.501833
Vodafone,152138,40.644881,-4.686631
Vodafone,138302,37.649256,-0.924347
Vodafone,00711,42.088944,1.827442
Telefonica,0800164,41.692044,2.493658
Telefonica,2800337,40.205783,-4.084919
Vodafone,114223,37.379236,-6.006947
Vodafone,084280,38.769806,-3.377178
Orange,ANDR3257B,36.662722,-4.459394
Vodafone,101957,41.792172,1.312181
Orange,VALR9647V,40.601094,-0.096478
Masmovil,1B8TF3702,28.015392,-16.652056
Masmovil,1B4MU1146,38.180783,-1.123975
Vodafone,176461,41.6381,-0.935481
Vodafone,199344,37.693475,-1.661928
Orange,ANDR4207A,36.607767,-6.233353
Vodafone,010831,43.541333,-6.532292
Vodafone,11517,38.382306,-4.840797
Telefonica,2400094,42.566444,-6.648389
Vodafone,189863,39.484633,-6.394742
Vodafone,099977,42.267028,-5.104156
Orange,ANDR7022A,37.848964,-4.793881
Orange,ASTR1473A,43.187569,-5.923361
Masmovil,1B5SE0056,37.390194,-5.968017
Telefonica,2802678,40.162339,-3.369631
Telefonica,3001267,37.626347,-1.033817
Telefonica,2811161,40.380992,-3.728142
Telefonica,1600172,40.005581,-2.059414
Vodafone,063392,41.355742,2.141719
Vodafone,067051,28.699242,-13.893811
Vodafone,196063,41.796103,1.951947
Orange,NAVR0134A,42.796675,-1.637108
Telefonica,0802649,41.507025,2.393756
Telefonica,0802945,41.45725,2.221694
Orange,CLMR9727A,40.912228,-3.11725
Orange,VALR1976A,39.548086,-0.455964
Vodafone,058018,42.362,-3.621361
Vodafone,190084,36.806436,-2.597056
Vodafone,073919,38.743089,-0.43975
Telefonica,2700789,42.444833,-7.668611
Telefonica,2900264,36.741789,-4.447975
Vodafone,194467,42.627472,-5.563889
Telefonica,0801637,41.349575,1.703347
Orange,BALR0056A,39.527494,2.552508
Telefonica,3601030,42.211306,-8.744639
Vodafone,42757,36.811717,-2.148286
Telefonica,1700460,42.457369,1.977025
Vodafone,078699,40.435028,-3.670311
Vodafone,104499,40.104961,-5.729061
Telefonica,4101730,37.694,-6.361111
Orange,CLMR1705A,39.8815,-4.033861
Orange,BALR0219A,39.574758,2.420639
Orange,CATR7100A,41.819611,2.1985
Vodafone,190702,38.985914,1.536511
Orange,VALR1763V,39.098456,-0.625117
Telefonica,3800650,28.409583,-16.5445
Orange,CLMR5267A,38.773522,-3.233344
Orange,ANDR9668B,37.909542,-6.239292
Vodafone,03376,41.523975,0.351906
Vodafone,104486,43.247211,-5.564536
Orange,CATR5091A,42.370817,2.979042
Vodafone,013791,39.489303,2.480458
Vodafone,45262,41.580775,2.243597
Orange,ANDR1332A,37.947722,-6.154889
Vodafone,199675,40.966819,-5.083472
Telefonica,3800126,28.090211,-16.7355
Orange,CATR7188A,41.58485,2.575508
Telefonica,0900190,42.693203,-2.906933
Orange,CANR5688A,28.168139,-16.435056
Telefonica,0400296,36.856733,-2.119922
Masmovil,1B2B0028,41.381911,2.142803
Orange,GALR1534A,43.125894,-8.284697
Orange,ANDR8004A,37.773203,-3.785969
Vodafone,161748,39.545922,-5.511036
Vodafone,61321,41.643781,-0.882239
Telefonica,3600219,42.267528,-8.665611
Vodafone,110816,38.821269,-0.376203
Telefonica,3600042,42.140953,-8.809983
Orange,CATR5711A,41.699947,2.842983
Masmovil,1B5CA4961,36.585944,-6.268778
Orange,ANDR4124T,36.357703,-6.152014
Masmovil,1B1M0229,40.382133,-3.675586
Vodafone,193027,37.734061,-0.922256
Telefonica,2901719,36.934536,-4.334708
Telefonica,1800119,37.2297,-3.593953
Vodafone,87891,40.260111,-3.874553
Orange,ANDR0260D,37.363806,-5.961197
Orange,CLMR2296A,39.759222,-4.956472
Telefonica,1700037,41.78215,3.023542
Vodafone,02253,28.965111,-13.556522
Vodafone,50253,42.780261,-1.913967
Orange,ARAR5244A,41.718497,-1.026842
Vodafone,196940,37.289889,-4.878306
Vodafone,03298,40.386036,-3.73575
Orange,CTBR2901A,43.39095,-4.231086
Vodafone,001697,37.433578,-5.6852
Orange,CYLR2273AO,41.646775,-4.749333
Orange,CLMR1622A,39.958742,-4.929267
Orange,CATR8424A,40.803819,0.520292
Orange,GALR1016A,43.449444,-7.854083
Vodafone,141200,42.796483,-1.514375
Orange,GALR1021B,43.283417,-8.202556
Telefonica,2803952,40.599456,-3.6981
Orange,CANR5026A,28.028917,-15.466278
Masmovil,1B2B0041,41.425175,2.187181
Orange,ANDR6803B,37.843553,-4.9235
Vodafone,087147,41.677769,2.279892
Vodafone,80911,38.433681,-0.63785
Orange,CLMR7034A,38.993472,-1.864833
Vodafone,50246,42.674647,0.785139
Vodafone,30171,43.318006,-1.968789
Telefonica,3300407,43.372786,-5.848764
Masmovil,1B5BA6186,38.273086,-6.913111
Orange,CATR4655A,41.226181,1.724086
Telefonica,0802408,41.434022,2.221319
Orange,MADR6226A,40.508344,-3.645133
Vodafone,036736,41.435697,2.1804
Vodafone,41952,42.139083,-5.402861
Telefonica,4603465,39.446722,-0.391333
Vodafone,187209,40.342931,-3.750903
Orange,GALR6376K,42.216056,-8.754
Vodafone,82658,40.975403,-4.228472
Orange,ARAR7517A,41.521278,0.336611
Orange,MURR1202C,37.597536,-1.316033
Vodafone,20990,38.363814,-0.444864
Orange,ANDR0410I,37.297447,-6.304942
Telefonica,0600039,38.684003,-6.404442
Vodafone,146389,42.423583,-2.7185
Vodafone,205278,41.637978,-0.9033
Orange,CATR5942A,41.348183,2.077039
Orange,ARAR7639A,42.602958,0.519722
Vodafone,176850,40.4227,-3.827761
Orange,CYLR4301D,42.930806,-3.484556
Masmovil,1B2B0321,41.374997,2.140075
Telefonica,4500520,40.006153,-4.187511
Orange,NAVR0074A,42.049572,-1.858611
Orange,CATR4756A,41.847592,2.235761
Vodafone,144603,41.520856,-4.714153
Vodafone,76445,41.638919,-0.868239
Orange,CYLR0591A,42.237194,-5.66725
Telefonica,1100133,36.687333,-6.143333
Telefonica,3900347,43.463678,-3.8131
Orange,CATR5469A,41.415914,0.351683
Vodafone,088475,39.045444,-3.449
Orange,VALR5754A,38.277594,-0.750492
Orange,MADR6374A524,40.388733,-3.739839
Telefonica,3900150,43.462608,-3.80785
Orange,CANR5308A,28.604492,-13.836944
Orange,GALR6426D,41.953036,-8.809747
Orange,MADR1896A,40.267853,-3.741969
Orange,CTBR3701A,43.285283,-4.043994
Telefonica,0200018,38.474631,-2.467953
Orange,GALR5013A,42.391725,-8.839108
Vodafone,120025,36.315883,-5.885289
Orange,EXTR0432A,38.284033,-6.068311
Orange,CANR3020A,28.046114,-14.333003
Orange,ANDR5802A,37.006081,-3.994975
Telefonica,0500120,40.275306,-4.759053
Orange,VALR6260B,38.733825,-0.072053
Telefonica,4600255,39.581161,-0.324908
Orange,VALR9645V,39.867769,-0.522078
Vodafone,078923,40.095758,0.133667
Vodafone,143315,38.034117,-1.251172
Vodafone,091088,38.717917,-6.8265
Telefonica,3300064,43.387706,-6.070575
Orange,VALR9785V,40.175328,-0.036392
Telefonica,0801510,41.549681,2.025472
Vodafone,103017,39.98975,-3.599961
Orange,MURR0620C,38.2618,-1.647533
Vodafone,186914,40.476606,-3.66285
Vodafone,195822,36.745406,-5.160169
Orange,ANDR8329G,38.166583,-2.994786
Telefonica,0802374,41.491528,1.90345
Vodafone,084209,36.854836,-4.025358
Telefonica,2806648,40.450092,-3.650864
Vodafone,49149,42.312711,-0.428781
Telefonica,3300077,43.349636,-5.129725
Telefonica,2800132,40.787053,-4.007825
Telefonica,4800608,43.289606,-2.859492
Telefonica,2801487,40.382333,-3.648769
Vodafone,84029,37.185083,-1.96525
Telefonica,0701559,39.600069,2.616464
Vodafone,195798,36.498764,-4.801614
Orange,VALR6275A,38.768558,-0.110381
Vodafone,85625,38.110536,-0.721089
Vodafone,82851,37.224111,-3.776936
Vodafone,51997,39.199875,-1.421264
Vodafone,148344,38.644914,0.036947
Orange,CYLR4549A,42.316161,-3.706756
Vodafone,191677,36.742944,-3.598278
Vodafone,029638,43.311775,-1.995072
Orange,CATR0590A,41.451383,2.211097
Orange,ANDR2746B,36.482175,-4.989989
Telefonica,3502110,28.122028,-15.696667
Orange,EXTR0303A,39.204494,-7.174144
Orange,ARAR7667A,42.634083,0.216639
Vodafone,193316,41.758744,2.828958
Masmovil,1B5AL4208,36.695506,-2.789697
Orange,PVAR0442A,43.270806,-2.812889
Orange,CLMR1652A,39.863953,-3.959208
Telefonica,2100309,37.183264,-7.345506
Vodafone,84551,36.585389,-4.544606
Orange,CANR6903A,28.456972,-16.258861
Vodafone,142065,41.485253,2.152269
Telefonica,2806035,40.403506,-3.713497
Vodafone,194063,43.180111,-2.486025
Orange,EXTR0433A,39.035658,-5.706731
Telefonica,3800145,28.384144,-16.672431
Vodafone,157301,42.650897,-8.141961
Telefonica,1101168,36.729444,-6.430083
Orange,CATR2810A,41.392814,2.107956
Orange,MURR0341A,37.628222,-1.971206
Telefonica,1200046,39.801453,-0.132789
Telefonica,2802290,40.422989,-3.687903
Telefonica,0801318,41.372486,2.154961
Orange,PVAR5038A,43.129492,-2.5542
Masmovil,1B6PO0602,42.431336,-8.651919
Orange,ANDR9514F,37.262678,-6.917942
Orange,CATR4854A,41.634328,2.281364
Vodafone,133059,38.942569,-3.240806
Telefonica,1502409,42.913861,-8.968111
Vodafone,093201,41.38125,1.359556
Orange,CATR5218A,41.994069,3.01205
Vodafone,57199,42.8485,-1.685775
Vodafone,73176,37.353697,-5.976881
Orange,ANDR3060A,36.603078,-4.508956
Vodafone,096789,39.922233,-0.691333
Vodafone,070756,42.382872,-2.053028
Masmovil,1B4MU1207,37.613869,-0.993911
Orange,VALR5320A,39.471172,-0.488622
Vodafone,081864,39.59105,3.329317
Orange,CATR7059A,41.329781,1.685389
Telefonica,3000033,37.663581,-0.720603
Orange,VALR0816D,39.636283,-0.5858
Telefonica,2802555,40.317314,-3.762722
Orange,MADR1967A,40.505572,-3.889606
Telefonica,0802471,41.611656,2.649969
Orange,BALR0104B,39.773672,2.966281
Vodafone,142087,39.407011,-5.892006
Telefonica,3100227,42.633844,-2.101769
Orange,MADR0411C,40.494853,-3.694172
Vodafone,82494,28.069508,-16.560803
Telefonica,2800315,40.571819,-3.997164
Telefonica,0800487,41.399731,2.157622
Orange,ARAR5288A,41.426039,-1.377892
Telefonica,3000746,38.072333,-1.999667
Telefonica,1300334,38.968875,-4.039861
Orange,VALR5705A,38.262258,-0.708736
Orange,CATR7151A,41.989503,1.900883
Orange,PVAR5430A,43.3043,-1.976972
Masmovil,B4V_0008,39.474536,-0.391764
Orange,VALR1748V,39.148889,-0.328092
Telefonica,3500760,28.093136,-15.45125
Vodafone,90138,42.597861,-5.583611
Orange,CATR7361A,41.114239,1.199111
Vodafone,52305,39.574236,3.210128
Vodafone,080173,41.439064,2.171178
Orange,ANDR0407A,37.526564,-5.121789
Orange,ARAR5122A,41.890575,-1.711614
Orange,ANDR0049E,37.364983,-5.972186
Vodafone,81456,43.312658,-4.228431
Orange,GALR9465A,42.359319,-7.857097
Telefonica,1501765,43.272611,-8.408028
Vodafone,017935,42.413958,0.140153
Vodafone,088562,39.917447,-5.758658
Vodafone,53587,39.082083,-3.24225
Orange,NAVR5276A,42.9593,-1.396728
Telefonica,3000060,37.942292,-1.162381
Telefonica,2900189,36.806244,-4.212808
Orange,CTBR1042C,42.998469,-4.271325
Telefonica,4800453,43.168689,-2.616078
Vodafone,087016,41.78945,2.734144
Telefonica,3502820,27.994592,-15.438189
Orange,EXTR6200A,39.890556,-5.536611
Vodafone,73351,41.491469,2.090344
Vodafone,036120,41.357931,2.102467
Telefonica,1502132,42.857356,-8.533703
Telefonica,1400514,37.876231,-4.756819
Vodafone,074744,42.806131,-1.661089
Orange,GALR6086A,42.327028,-8.783403
Telefonica,1500222,43.018972,-8.542333
Vodafone,85865,37.159583,-1.945028
Masmovil,1B2B0211,41.428139,2.164425
Vodafone,190543,27.978758,-15.388636
Masmovil,1B7SA1130,40.902181,-5.205639
Telefonica,3000589,37.763586,-0.834147
Vodafone,018356,43.361383,-5.913758
Orange,ANDR5201A,36.358397,-5.934836
Orange,CYLR4564A,42.32605,-3.656014
Vodafone,96250,39.836208,-4.715486
Vodafone,77902,37.139378,-3.624922
Vodafone,024657,28.402289,-16.331042
Orange,ANDR8798A,37.205217,-1.815556
Vodafone,58072,40.21005,-5.087619
Masmovil,1B3BI0728,43.299581,-2.992967
Telefonica,3000704,38.006133,-1.096147
Vodafone,192736,37.858572,-4.877731
Orange,CYLR2314A,41.619311,-4.734914
Orange,MADR7553A,40.728889,-3.579575
Telefonica,2811098,40.393017,-3.688489
Orange,ANDR2871B,36.664553,-4.532506
Orange,ANDR2583B,36.738889,-4.419306
Orange,ANDR2553A,36.62255,-4.508156
Orange,VALR1936A,38.929486,-0.488458
Vodafone,077325,41.178436,1.497656
Vodafone,085800,40.417136,-4.201664
Orange,RIOR5126A,42.371633,-2.491492
Orange,CANR5272A,28.869886,-13.850178
Vodafone,059651,38.890017,-6.996997
Orange,VALR1462A,38.824692,-0.602489
Vodafone,198158,36.692367,-6.156047
Vodafone,00933,39.473506,-0.347467
Orange,ANDR9425A,37.242858,-7.312422
Vodafone,050138,29.148775,-13.471264
Orange,MADR1742A,40.560317,-3.514467
Vodafone,10022,43.270278,-5.5975
Vodafone,162331,42.3475,-5.155833
Telefonica,4801100,43.282358,-2.984614
Vodafone,081330,37.834089,-5.24585
Vodafone,160592,41.644725,-0.856003
Orange,PVAR0049G,43.300167,-2.931358
Telefonica,4900100,41.255069,-5.579036
Telefonica,1200479,40.0475,0.062597
Orange,MADR0320I,40.412422,-3.710619
Vodafone,074579,39.120028,-0.439531
Telefonica,0301006,38.598506,-0.055253
Telefonica,3500040,28.058958,-15.460117
Orange,MADR0326A,40.411886,-3.698475
Telefonica,2700641,43.659861,-7.593444
Telefonica,2100664,37.277311,-6.728425
Telefonica,0700909,39.583464,2.638186
Vodafone,023528,37.208469,-7.206531
Vodafone,180390,41.0786,1.133583
Masmovil,1B7LE1332,42.446972,-6.016917
Orange,ANDR3273A,36.750883,-4.421842
Telefonica,0800085,41.936583,2.367694
Vodafone,00651,41.579403,2.226431
Telefonica,2600317,42.465214,-2.455242
Vodafone,077668,39.570111,-0.332903
Vodafone,79580,41.475269,2.047225
Vodafone,52758,42.907222,-8.514917
Vodafone,025883,42.235278,-8.720611
Orange,MURR0319A,37.679964,-1.710656
Vodafone,I083039,38.091186,-1.796697
Vodafone,150064,41.433522,1.788017
Vodafone,89212,41.474694,2.032106
Orange,EXTR0534F,38.992694,-6.2945
Vodafone,143504,39.387936,-0.709969
Telefonica,2801455,40.516422,-3.883125
Vodafone,72926,37.936186,-1.157992
Vodafone,161757,37.563353,-4.528436
Masmovil,1B4A4139,38.518489,-0.914347
Telefonica,4800026,43.194019,-3.054883
Telefonica,0302144,38.256722,-0.779542
Masmovil,1B5CA4870,36.675483,-5.454447
Vodafone,105999,43.258689,-4.668708
Orange,ASTR7202A,43.558344,-6.633789
Vodafone,001127,39.591914,2.596022
Vodafone,697,41.242333,1.855908
Orange,VALR6568A,38.787675,-0.518142
Telefonica,2800680,40.073622,-3.501625
Orange,MADR3927E,40.316417,-3.684325
Orange,MURR0171E,38.032167,-1.133306
Vodafone,079443,39.568664,-1.207894
Orange,CYLR8826A,40.502306,-4.998167
Telefonica,0800970,41.374083,2.108667
Vodafone,1833,37.587528,-4.639419
Telefonica,4900078,41.987028,-5.611067
Orange,CATR7208A,41.319697,1.615219
Vodafone,156173,43.241056,-7.5375
Orange,CATR7194A,42.054722,2.257186
Orange,VALR9640V,40.095631,0.13355
Masmovil,1B5CA5287,36.478097,-6.188264
Telefonica,2900779,36.672028,-4.4757
